asin,rating,year,verified_purchase,helpful_vote,ground_truth,model_sentiment,correct,llm_emotion,nrc_emotion,title,text
B00IX1I3G6,1,2018,True,1,NEGATIVE,NEGATIVE,True,anger,anticipation,What happened to the bonus offer?,I thought there was a bonus offer when i put $100.00 or more onto my GC?  Never received it!!!!!!
B005ESMF5G,2,2020,True,0,NEGATIVE,NEGATIVE,True,disgust,anger,Check the box,Ordered 2 . One was fine.  One of the boxes looks and feels like it was previously packed with body lotion that leaked. Luckily it didn't damage the other items in the envelope. Will have to repackage to gift.
B06W5SBSL7,1,2022,True,0,NEGATIVE,NEGATIVE,True,anger,anticipation,Don’t waste money,if I want to buy something on Amazon for $10 I would’ve just bought it with ounces of wasted my money on a gift card that’s $20 and only getting $10 out of that gift card like don’t add up
B005ISQ62U,2,2015,True,1,NEGATIVE,NEGATIVE,True,anger,joy,I order them specially from Amazon because I hate when gift cards don't work,"4 out of the 6 gift cards I ordered were not turned on, thus ruining the surprise for 4 young adults.. I order them specially from Amazon because I hate when gift cards don't work. What a waste.  Yes, you replaced them, but not until AFTER Christmas."
B005J04340,1,2014,True,2,NEGATIVE,POSITIVE,False,joy,anticipation,Amazon Gift Card,Fit the gift for a hard-to-buy for person for a useful and well liked Christmas Present. Gift was enjoyed by receiver.
B00FTGTM5E,1,2021,True,3,NEGATIVE,NEGATIVE,True,anger,anticipation,check balance,I purchased 3 gift packs of 4 each.  I card in one pack and all 4 cards in one pack were not activated.  These were meant to be gifts but I am glad I checked them before.  Amazon refunded money but the lesson I learned is to check card for balance before giving it as gift
B00IX1I3G6,1,2020,True,0,NEGATIVE,NEGATIVE,True,anger,anger,Fault advertising,"It's very misleading.  I was in the checkout process for my purchase and this promotion telling me that's I'll receive $10 if I reload $100 to my Amazon account.  Nothing, I've contacted customer service  couple times but received nothing.  I've been tricked."
B08ZL1W41Q,1,2022,True,0,NEGATIVE,NEGATIVE,True,anger,trust,Card would not load,"Card would not down load so was not able to use it, would not recommend getting from this seller."
B005ESMGZU,1,2016,False,0,NEGATIVE,NEGATIVE,True,disgust,anger,"Worst hot chocolate spread or any chocolate anything, fatty, grainy,horrible tasting!!!!","Got the wrong order.  Was supposed to be a variety pack...got 5 hot chocolate spread.<br />This is the worst. Chocolate spread ever, it is grainy, fatty, horrible tasting.<br />I am a lead cake decorator and would not use this for anything..I through it away"
B06WVJBLBQ,1,2022,True,0,NEGATIVE,NEGATIVE,True,anger,,"Was nasty, dirty and bent. Very unhappy", 
B077TG1GVY,2,2018,True,2,NEGATIVE,NEGATIVE,True,disgust,anticipation,Socks came with a hole,The socks came with a hole in them. I didn't bother returning it because I had already used the gift card.
B07DK2Z9HP,1,2019,True,8,NEGATIVE,NEGATIVE,True,disgust,anticipation,False despcription,"Ordered this gift card because it came in a nice black gift box. Nope! Came in a cheap (think grocery store gift card rack) blue envelope. Disappointed but need to give it tomorrow, so no choice but to keep it."
B071VCQJ24,1,2017,True,6,NEGATIVE,NEGATIVE,True,anger,joy,Bad system.....,"I received my gift card promptly, however there were 14 cards.  I found it very difficult to sort them according to,value.  Different people were to get different card value.  I will NEVER order them again."
B072F9T6VX,1,2021,True,0,NEGATIVE,NEGATIVE,True,fear,,Gift card amount,It said 50$ I put 100$ on the card? Why did it say that. Will it be sure to have 100$ or no
B00IX1I3G6,1,2017,True,0,NEGATIVE,NEGATIVE,True,anger,anger,One Star,Horrible functionality with pre-paid gift cards.
B0764M9G8N,1,2018,True,3,NEGATIVE,NEGATIVE,True,sadness,anticipation,"As others have said, I also received mine with ...","As others have said, I also received mine with a sizable dent. I won't be able to use the tin as a gift either. It's such a shame since it's so cute."
B086KKT3RX,1,2021,True,3,NEGATIVE,NEGATIVE,True,anger,,Nooooooooo,Noooooooo
B00IX1I3G6,1,2014,True,0,NEGATIVE,NEGATIVE,True,anger,,One Star,It's not letting me redeem my balance.
B00L1LJ5X0,1,2022,False,0,NEGATIVE,NEGATIVE,True,anger,,"When my nephew tried to use it, it didn’t have a balance on it.",Just an empty card!
B00CHQ79KY,1,2021,False,0,NEGATIVE,NEGATIVE,True,anger,anticipation,Stolen gift card,this gift card was stolen out of the card sent as a gift to my son and daughter-in-law<br />I would like it replaced.<br /><br />Serial number(s)<br />$200.00 1130733013001312
B08B3QBF9C,1,2021,True,1,NEGATIVE,NEGATIVE,True,anger,anticipation,Does not work,"I cannot use these gift cards, even at Apple Store !"
B00IX1I3G6,1,2018,True,1,NEGATIVE,NEGATIVE,True,anger,anticipation,Did not get $10 credit,The review title says it all. I reloaded my card in expectation of receiving a $10 bonus and got nothing.
B015RUEWZ6,1,2015,True,0,NEGATIVE,NEGATIVE,True,sadness,fear,3 out of the 6 were broken right out of the box :(,"Great idea, but poor craftsmanship. 3 out of the 6 puzzles were broken. The entire case popped open and the springs went flying.  I was only able to gift 3 of them for our party. The other 3 are sitting here waiting to be trashed. :("
B005ISQ5SA,1,2015,True,0,NEGATIVE,NEGATIVE,True,anger,,Not timely and no help,ordered on 12/21. Said we would receive it 12/23. Still don't have it on 12/28.
B00IX1I3G6,1,2019,False,0,NEGATIVE,NEGATIVE,True,anger,anger,misleading,I agree with the other critical reviews So sorry I didn't read them first my chat person first said 12 hrs to process when i pointed out 12 hrs. had passed i was told it had to be done manually and would take 1-2 days . could it be because i wasn't using a  Chase  card? anyway I say stay away from this offer. Very disappointed with Amazon!
B005ISQ69I,2,2012,False,0,NEGATIVE,NEGATIVE,True,anger,joy,NO Message,"I received this lovely card from a friend who delivered it and we opened it together to discover, that again this year, the message that he asked to have included didn't show, not even his NAME. This is a consistent problem with your MAILED gift cards. The ones that are e-mailed are fine,.<br />You really need to clean up your act - this is annoying for both the giver and the receiver!"
B00IX1I3G6,1,2016,True,2,NEGATIVE,NEGATIVE,True,anger,anger,I was very disappointed at the cost of these tokens,Way too spendy for what it was.  I was very disappointed at the cost of these tokens.  I could have played at a real casino.  Boo
B07GFQ5B44,1,2022,True,1,NEGATIVE,NEGATIVE,True,anger,disgust,Trash!!!! Do not buy not Debit,They have a debit logo but are only credit... and no one takes them. Trash
B08HDCQYTV,1,2021,True,0,NEGATIVE,NEGATIVE,True,anger,anticipation,"This is not the gift card I wanted, I ordered the restaurant one and it defaulted to this one.",This gift card was auto subbed for the one I was ordering
B07Y92XFRD,1,2022,True,0,NEGATIVE,NEGATIVE,True,anger,anticipation,Damaged,The Gift cards arrived damaged. Not impressed
B077T9WSSN,1,2020,True,1,NEGATIVE,NEGATIVE,True,anger,sadness,They are empty!  ZERO money on them,"I purchased 4 cards, the ones in the black sleeves no problem, the 2 in the blue sleeve are empty, not a red cent!"
B00IX1I3G6,2,2020,True,0,NEGATIVE,NEGATIVE,True,anger,anticipation,You must keep account of what you spent.,"The promotion was a good deal. However, you never see the extra ten dollars. I was told I spent all of my gift card amount. I was okay with that, but I did not see the bonus of ten dollars. I believe this was a come-on to get me to buy the gift card."
B07GH7JZ91,1,2021,True,5,NEGATIVE,NEGATIVE,True,anger,trust,Good Only for Use in the USA and not for Internet/telephone/mail orders outside,"I think there should be a clear description in the Amazon webpage product information, that is lacking, and unfortunately  found out after 3 separate purchases of the card and thought a merchant was at fault.  The 3rd time, I read the microprint sheet that accompanied the mastercard and read the following:<br /><br /> ""Your card is valid in the U.S. only...it cannot be used at merchants  outside the United States, including internet and mail/telephone order merchants outside the United States...""<br /><br />So the purchase of all 3 cards was worthless and the extra money that you pay to get this card was for naught.  Extremely disappointing  I lost $5.95 on this card, $4.95 on another, and $4.95 on another - charges to buy the card on top of its value."
B07HJD9FVV,1,2019,True,5,NEGATIVE,NEGATIVE,True,anger,joy,Terrible for online purchases,It imposible to use these cards for online purchases. I gave two 200$-cards to a friend for the birth of her child and she has not been able to make purchases in H&M. She has called several times to unlock the giftcards but nothing seems to work. I want my money back ASAP!!!
B086KKT3RX,1,2021,False,3,NEGATIVE,NEGATIVE,True,anger,joy,"If it's not broke ""DON'T FIX IT """,More hoops to jump through. Working us !!
B00IX1I3G6,1,2021,True,0,NEGATIVE,NEGATIVE,True,anger,,Scam,Only reason I got it is because it said I would get 10$ of my initial reload. I got nothing.
B06ZY44YG4,1,2018,True,1,NEGATIVE,NEGATIVE,True,disappointment,anticipation,... gift card is a gift card but I was disappointed to receive it in a scuffed up box that ...,A gift card is a gift card but I was disappointed to receive it in a scuffed up box that looked used. I purposely choose this to give as a gift.
B07GHDHKPN,1,2021,True,0,NEGATIVE,NEGATIVE,True,anger,joy,Activation,When it finally came there was no activation. Had to order a second. My friend was in need.
B086KKT3RX,1,2022,True,0,NEGATIVE,NEGATIVE,True,anger,,🖕🏼,🖕🏼🖕🏼🖕🏼
B0719C5P56,1,2021,True,0,NEGATIVE,NEGATIVE,True,sadness,anticipation,Lost in transit,"I wanted to wrap this as a gift for my grandson, but it got lost in the mail.  I had to reorder a gift certificate to be sent to his email, not nearly as satisfying."
B00IX1I3G6,1,2019,True,1,NEGATIVE,NEGATIVE,True,anger,trust,ILLEGAL/UNAUTHORIZED TRANSACTION,UNAUTHORIZED TRANSACTION.<br />BEING INVESTIGATED BY AMAZON 07/14/2019 1130HRS.
B01K8RMDO0,1,2021,True,2,NEGATIVE,NEGATIVE,True,anger,anticipation,No money on card,Bought this because the giftbox was cute as a graduation present. Felt so embarrassed when the graduate I gave this to as a gift called me to let me know that there was nothing on it! Had to fight with Amazon customer service to get a refund. Don't buy this!!!!
B00S5J8456,1,2017,False,1,NEGATIVE,NEGATIVE,True,anger,anticipation,Do not buy a Fandango Gift card. You think ...,"Do not buy a Fandango Gift card.  You think you are giving someone a gift of $25.  No you aren't.  Your gift recipient can only use through Fandango, not directly at the box office.  Fandango will charge a &#34;convenience fee&#34; for every ticket purchased using the gift card.  Your recipient will lose about 12% of your gift to convenience fees."
B01IE42ST4,1,2018,True,0,NEGATIVE,NEGATIVE,True,sadness,sadness,The holder arrived torn in several pieces. Very disappointing ...,"The holder arrived torn in several pieces.  Very disappointing as it was a wedding gift, and I didn't notice it until it was too late to do anything about it."
B005FGQIL4,1,2020,True,0,NEGATIVE,NEGATIVE,True,anger,anticipation,Week late,Late and never on time should be free if you don't get it the day they said it would be there should be free it's a bunch of bull.
B00IX1I3G6,1,2020,True,0,NEGATIVE,NEGATIVE,True,anger,trust,HACKED!!,I didn't make this purchase …… my Amazon account was hacked …...
B00IX1I3G6,1,2018,True,1,NEGATIVE,NEGATIVE,True,anger,joy,Imn got ripped-off,"Your book-keeping sucks......you auto-charged items to my gift card instead of my Debiot Card....leaving me with nothing on my Gift card,which I was saving - up for special purchases ---like Christmas...."
B01IE42ST4,1,2022,True,1,NEGATIVE,NEGATIVE,True,anger,anticipation,Cannot distinguish between different denominations,"I ordered 3 cards—one with a different denomination; there was no way to tell them apart. Customer service instructions were to scratch them to reveal the code. As if I’d want to gift a janky-looking or used looking gift card! After 1-1/2 hours with customer service, they were finally able to tell me which was which. They offered an Amazon credit for my trouble which I have yet to see."
B06WVJBLBQ,2,2017,True,3,NEGATIVE,NEGATIVE,True,anger,joy,Amazon Gift Card Promotional Credit,"I purchased a Amazon $50 Gift Card which came with a $15 Promotional Credit.<br />When I clicked of the  'Additional information on this offer can be found here'  link<br /> I received a  'Unfortunately, you are not eligible for this offer'.<br />What a deal......."
B07SXK6SHX,2,2022,True,0,NEGATIVE,NEGATIVE,True,anger,anger,Code Didn’t Work,"I ordered four of these, and one didn’t work. It’s telling me the code is set up for a different country, and not for the U. S.. Of course, Amazon won’t allow a return on this product. It was part of my son’s Christmas gifts. Now I have to replace it with more out-of-pocket money. I’ll just give him cash before I’d buy one of these cards again."
B00IX1I3G6,3,2016,True,1,NEUTRAL,NEUTRAL,True,trust,joy,kind of confusing,its okay kind of confusing
B01N9GY4GF,3,2022,True,0,NEUTRAL,NEGATIVE,False,anger,anticipation,Nice but expect to receive by projected delivery date!,"This is a very cute gift card and box.  I have ordered it on three occasions to be delivered to different locations.  Each time the delivery date stated was not correct.  Each time the delivery was delayed from 1-3 days, with end of the day updates saying ""delayed until tomorrow"" and then repeating the same message the next day.  The most recent order arrived so late I couldn't present it to the recipient at his graduation party.  Instead I had to purchase another gift card so that I did not arrive empty handed.<br /><br />Great gift but allow several extra days for delivery and definitely don't expect the ""next day delivery"" promised online."
B08LVR65HL,3,2021,True,0,NEUTRAL,NEGATIVE,False,anger,anger,Easy,Easy Christmas gift..was confused I was sent two..one was with the amount of her was empty. Was inconvenient...
B00IX1I3G6,3,2016,True,1,NEUTRAL,POSITIVE,False,trust,,Three Stars,IT WORKS.
B0719C5P56,3,2023,True,0,NEUTRAL,NEGATIVE,False,disappointment,anticipation,Doesn't display amount,Liked the gift box  Didn't like that gift amount wasn't displayed.
B00IX1I3G6,3,2018,True,0,NEUTRAL,NEGATIVE,False,anger,anticipation,Three Stars,better off just paying your store card down
B00IX1I3G6,3,2015,True,1,NEUTRAL,NEGATIVE,False,disappointment,anger,the survey was a bit misleading.,the survey was a bit misleading. I was under the impression that by doing the survey I received a gift card
B00IX1I3G6,3,2016,True,1,NEUTRAL,NEGATIVE,False,anticipation,,Three Stars,I need more clarity on exactly how this works.
B00IX1I3G6,3,2021,True,0,NEUTRAL,NEGATIVE,False,anger,anticipation,Cash back not implemented,"I executed a purchase after the gift card was activated, but still withdrew money from credit card. I was supposed to see a 5% cash back which I'll loose..."
B086KKT3RX,3,2021,True,0,NEUTRAL,NEUTRAL,True,trust,anticipation,Pretty efficient,Only do it this way so if something doesn't ship right away it is already paid for.
B00IX1I3G6,3,2017,True,0,NEUTRAL,POSITIVE,False,trust,,Three Stars,Easy to use
B00IX1I3G6,3,2020,True,0,NEUTRAL,NEUTRAL,True,anticipation,,Tokay😊,"Help not sure how to use it,"
B00IX1I3G6,3,2017,True,1,NEUTRAL,POSITIVE,False,trust,trust,Three Stars,Just use your amazon account credit card and get the 5% savings.
B06ZYZ1TKK,3,2019,True,0,NEUTRAL,NEGATIVE,False,disgust,,Looks nicer than it is.,"Looks nice, but box does not slide in and our easily. I will go back to the regular boxes."
B07GFQ5B44,3,2021,True,6,NEUTRAL,NEUTRAL,True,surprise,anticipation,It’s a prepaid card,"It is what it is.  Not good not bad, it’s a prepaid gift card.  I really hope someone isn’t reading this.  Why would you need to look at the reviews on a gift card?!?!"
B00AR51Y5I,3,2018,True,0,NEUTRAL,NEGATIVE,False,disgust,,Not impressed with giftcard design sent,Giftcard came as advertised but you can get better designs right across the street at Starbucks.
B00X6G94XY,3,2017,True,0,NEUTRAL,NEUTRAL,True,trust,,item as described,item as described
B00IX1I3G6,3,2018,True,0,NEUTRAL,NEGATIVE,False,anger,trust,Perdi unos dolares en un reclamo,Tuve que pedir devolución de una compra y no me reintegraron valor completo
B01C9MW8Z6,3,2017,True,0,NEUTRAL,NEUTRAL,True,anticipation,anticipation,"Gift card was obviously fine, but there was no notation as to who ...","Gift card was obviously fine, but there was no notation as to who the gift was for, or from whom it was sent! Probably my error in ordering process."
B014S24B28,3,2016,True,0,NEUTRAL,NEUTRAL,True,trust,,There's no place to write sender/receiver names or a short message. But the red packaging looks cute.,There's no place to write sender/receiver names or a short message. But the red packaging looks cute.
B00BXLTZ6K,3,2019,True,1,NEUTRAL,NEGATIVE,False,anger,,Service,My card was all damaged and the outside envelope came later then said
B07HJHK8Y5,3,2019,False,0,NEUTRAL,NEGATIVE,False,anger,,Pay declined in an Amazon purchase with this card,Que pasa que no puedo comprar en Amazon con está tarjeta? Me declinó el pago.<br /><br />What happens I can't buy on Amazon with this card?  The payment of the purchase I made was declined.
B0091JKY0M,3,2016,True,0,NEUTRAL,NEUTRAL,True,surprise,anticipation,Three Stars,Why am I reviewing a gift card?
B00IX1I3G6,3,2020,True,0,NEUTRAL,NEGATIVE,False,anger,anticipation,Don't use mastercard egift certificate,I was trying to use a gift card from MasterCard. It was extremely on user-friendly to do this. I ended up getting it done but it was such a hassle
B00OOKDO4Q,3,2016,True,2,NEUTRAL,NEGATIVE,False,anger,sadness,Three Stars,this came 1 week late don't buy it
B07GFQ5B44,3,2022,False,0,NEUTRAL,NEGATIVE,False,anger,anticipation,Andrew,Takes cash to buy but I cannot take cash back out get a prepaid greendot or PayPal same price and u can pay less then 5$ of
B00IX1I3G6,3,2016,True,2,NEUTRAL,NEGATIVE,False,anger,anticipation,Three Stars,"Offer $ 5 after a $ 100 refill, but the gift did not come."
B00FTGTM5E,3,2014,True,0,NEUTRAL,POSITIVE,False,trust,anticipation,Fair enough,"Fair enough for the price and use. Fair trade, eco friendly is a requirement and an expectation from coffee makers."
B01K8RJDEI,3,2019,True,0,NEUTRAL,NEUTRAL,True,trust,anticipation,Gift,Gift
B06WVJBLBQ,3,2019,True,0,NEUTRAL,NEGATIVE,False,anger,anticipation,Difficult to determine gift card value when not purchasing a card with a printed amount.,"Was unable to find a serial number in my order history to compare to the serial numbers on the cards, and as I had ordered multiple cards in differing amounts at different times, (but stored them together until I was ready to distribute them as gifts), I was unable to easily determine which card was worth which amount. Although the online directions said to match the last four digits on each card to the four digits listed for each card on my order history, I was unable to find any such 4 digits in my order history related to the purchased gift cards."
B077T9WSSN,3,2020,True,0,NEUTRAL,NEGATIVE,False,anger,anticipation,Significant Shipping Delay,"Instead of two day arrival it was eight days.  Granted this was not medical supplies, and there are significant issues impacting businesses - however, it would've been nice to receive some form of communication at the second day indicating an ~actual anticipated~ arrival date.  Order could've then been cancelled and replaced with one that was better able to meet stated date, as this was a gift that had an element of time sensitivity.<br />Rating as three stars, rather than *two* tempted to give, as presumably there will be no issue with recipient's use of card."
B00BXLVFAO,3,2022,True,0,NEUTRAL,NEGATIVE,False,fear,surprise,Missing Usual Amazon Gift Card Receipt,"My order didn't include the usual Amazon gift card receipt that shows the gift card was activated. Now I'm uncertain if it was actually activated.  Also, the cardboard that the card is attached to was bent.  Not nice for a gift that it was going to be."
B01JQSONCC,3,2022,True,0,NEUTRAL,NEGATIVE,False,anger,trust,Value?,"I can’t tell the value of these cards. Unless one redeems them, I don’t know how much was loaded on them. I may ask for refund."
B06W5SBSL7,3,2020,False,0,NEUTRAL,NEGATIVE,False,anger,,No recent reviews?!,Why is none of the reviews of these cards Current?  2020?  All so old that one wonders if the problems of 3 years ago have been addressed...
B0763VZ84H,3,2019,False,1,NEUTRAL,NEUTRAL,True,disappointment,joy,"Great gift package for baby, but may not come with your requested ""gift message"".","Wonderful little gift bag with the Amazon gift card within.  However, we wrote a ""gift message"" that was supposed to be included but was not.  The message was mentioning the gift card amount (since the gift card does not have the amount printed on it), and who the gift was from.  The package arrived with only the gift card.  We'll have to print/write one up ourselves."
B01K8RJDEI,3,2021,False,0,NEUTRAL,NEGATIVE,False,anger,trust,Won't try again,Very difficult to get a good seal. 1/2 of them reinflate.
B07YMZC3PW,3,2022,True,0,NEUTRAL,POSITIVE,False,joy,joy,Item blown away,I like that item got here fast.  Where delivery guy left it wasn't to smart.  It was very light and I had to find it in the middle of the yard.  It is windy in las vegas at times but lucky I found it or this text would of been a little more critical
B00IX1I3G6,3,2020,True,0,NEUTRAL,NEGATIVE,False,disgust,trust,Convenient but does not help with budget,"The gift card is okay but for myself personally, I prefer to purchase items with my credit card so I can have a price per item to record on my budget sheet rather than just a set amount going to Amazon.  Now I have to go back and see what the money was spent for and adjust my budget sheet."
B01N9GY4GF,3,2022,True,0,NEUTRAL,NEGATIVE,False,anger,anticipation,Stuck with Amazon,I ordered the wrong card. Stuck with shopping Amazon.
B0719C5P56,3,2019,False,0,NEUTRAL,NEGATIVE,False,anger,anticipation,A mess,This item was wrogly labelled and without a gift bag and message
B01GF7GNCA,3,2017,True,1,NEUTRAL,NEGATIVE,False,sadness,anticipation,Three Stars,I thought my granddaughter would like it better than she did.
B07K7N18PP,3,2021,True,0,NEUTRAL,POSITIVE,False,joy,anticipation,Purchased as a gift,Good gift
B01HSMZ1VU,3,2019,True,0,NEUTRAL,NEUTRAL,True,surprise,,I didn't buy this. ?,I didn't buy this.<br />?
B06ZY44YG4,3,2022,True,1,NEUTRAL,NEGATIVE,False,anger,anticipation,Bad design,"The box and card are beautiful; however, when it arrived I thought it was empty.  The gift card does not stay in place and very easily slides inside the box when you close it.  You need to pull the box apart to get it, but the pull out part of the box is difficult to remove because there is a lip to keep it from coming out all the way.  When the recipie t opened the box, she thought it was empty, because despite pushing the gift card into place, it still slid inside.  Ugh"
B00IX1I3G6,3,2020,True,0,NEUTRAL,POSITIVE,False,joy,surprise,?,I only wanted to put $100 on there. But when I accidentally put an extra $100 couldn’t get it off. So I used it
B01IE42ST4,3,2021,True,0,NEUTRAL,NEGATIVE,False,disgust,,Order something other than the flowers,"This was not giftable, as the back was torn and you couldn’t pull the flowers up and down."
B0719C5P56,3,2019,False,0,NEUTRAL,NEGATIVE,False,disgust,anticipation,Delivered quickly poorly printed,Quick delivery but the accompanying card is very cheap and my printed card lines all through the message.. not good
B01K8RJDEI,3,2023,True,0,NEUTRAL,NEGATIVE,False,anger,anticipation,Tin was smashed,"The tin was smashed, the box was fine...had to figure something else to put the gift card in."
B00IX1I3G6,3,2020,True,0,NEUTRAL,NEUTRAL,True,trust,anticipation,Gift Card,"Bought for myself. No advance in purchasing it, unless you would give it as a gift."
B00IX1I3G6,3,2021,False,0,NEUTRAL,NEGATIVE,False,anger,,No clue,No idea
B00IX1I3G6,5,2019,True,0,POSITIVE,POSITIVE,True,joy,,I got an extra $10 for doing it,I got an extra $10 for doing it
B00IX1I3G6,5,2020,True,0,POSITIVE,POSITIVE,True,joy,,Great product,It's a great product
B0725JM87R,5,2021,True,0,POSITIVE,POSITIVE,True,joy,,Cute,Cute
B01C9MW8Z6,5,2022,True,0,POSITIVE,POSITIVE,True,joy,joy,fantastic product,love the cupcake tin for a bday gift card
BT00CTP1QS,5,2016,True,0,POSITIVE,POSITIVE,True,joy,surprise,A hit with the grandparents,"The gift card came with a very nice greeting card. My grandparents (88 and 90) use their kindles to read books and play games, so we always give them Amazon dollars. This was a hit."
B01IE42XY4,5,2019,True,0,POSITIVE,POSITIVE,True,joy,anticipation,Amazon gift card w/dots,"Nice gift,  pretty box"
B00IX1I3G6,5,2016,True,0,POSITIVE,POSITIVE,True,joy,joy,Five Stars,I love my wife and I love Amazon almost as much
B005ISQ66Q,5,2013,True,0,POSITIVE,POSITIVE,True,joy,anticipation,cute card,This card was actually quite a bit cuter in person than I was expecting.  The quality of the card is nice with a nice density of color.  Very cute!
B0091JKY0M,5,2016,True,0,POSITIVE,POSITIVE,True,joy,anticipation,Five Stars,Gift
B071NM2PNL,5,2020,True,0,POSITIVE,NEUTRAL,False,anticipation,anticipation,Christmas gigt,It is a Christmas gift so I really can't comment
B00ZATTI0E,5,2015,False,0,POSITIVE,POSITIVE,True,joy,joy,Yum!,"I ordered this as a gift for my parents. The gift card arrived exactly as pictured. I love Bob Evans because they have a big menu. I also like that Amazon carries so many different gift cards. It's very convenient, especially with the Amazon prime 2-day shipping. This always helps when you need to get a gift to someone quickly."
B00FGEHS00,5,2014,True,0,POSITIVE,POSITIVE,True,joy,anticipation,Teenager,"My teenage grandaughter really loves this store, they have many clothing choices and reasonable prices. I also like this store, they have many items I like also."
B00CHQ7ESQ,5,2017,True,0,POSITIVE,POSITIVE,True,joy,anticipation,Convenient,Sent on time as promised.  Great tin for it also.
B00CHQ7MKQ,5,2014,True,0,POSITIVE,POSITIVE,True,joy,anticipation,Gift card,Beautiful card for which it was meant to purchase kindle books and recipient was happy to receive it so as to add to his new collection.
B01C9MW8Z6,5,2018,True,0,POSITIVE,POSITIVE,True,joy,,Great service,Very fast
B00IX1I3G6,5,2019,True,0,POSITIVE,POSITIVE,True,trust,,A must have if you shop a lot,Easy to make a purchase without pulling cards out of wallet.
B01FERQLOC,4,2017,True,0,POSITIVE,NEGATIVE,False,anger,fear,Wish they opened easier,"Cards are fine, packaging is a pain. Couldn’t get the plastic to cut with scissors; imagine having to stab 65 of these things with a pen while at work to give out at a work party later."
B077W1VKH4,5,2018,True,0,POSITIVE,POSITIVE,True,joy,,Great card,Great purchase. No problems using the card everywhere we went
B0727VWMH7,5,2018,True,0,POSITIVE,POSITIVE,True,joy,anger,Five Stars,Lovely bear!
B0719C5P56,5,2018,True,0,POSITIVE,POSITIVE,True,joy,anticipation,Very nice box.,Perfect Christmas gift idea.
B00IX1I3G6,5,2017,True,1,POSITIVE,POSITIVE,True,joy,anticipation,Who wouldn't like that deal,"$112.00 for $100.00? Who wouldn't like that deal, especially when they were just about to spend $100 on Amazon? :D Now, that was a special deal, but Amazon makes probably the best store gift card out there, because Amazon has more different things than anyone else. The purchasing experience took seconds, and the gift card balance was spent just as quickly! :D"
B0078EP9S4,5,2016,True,0,POSITIVE,POSITIVE,True,joy,anticipation,Five Stars,I like the quite delivery on my gift card
B00IX1I3G6,5,2018,True,0,POSITIVE,POSITIVE,True,joy,,Five Stars,excelente
B086KKT3RX,5,2023,True,0,POSITIVE,POSITIVE,True,trust,,Does what it says,Does what it says
B01FE8CYFQ,5,2018,True,0,POSITIVE,POSITIVE,True,joy,anticipation,Good deal! Grandkids lived receiving this for Easter,Good deal!  Grandkids lived receiving this for Easter.
B015WTIZ8W,5,2017,True,0,POSITIVE,POSITIVE,True,joy,joy,and in excellent condition.,"Everything received as described, and in excellent condition."
B00IX1I3G6,5,2015,True,1,POSITIVE,POSITIVE,True,joy,anticipation,So easy....,"So glad to see this option available. It is quick and easy to maintain my account. Now I don't have to hunt for the gift cards, buy them and then apply to my account. One stop shopping."
B072F9T6VX,5,2022,True,0,POSITIVE,POSITIVE,True,joy,anticipation,"Easy and valuable gift, no shipping charge!",Easy gift giving.
B00IX1I3G6,5,2016,True,1,POSITIVE,POSITIVE,True,joy,joy,easy to use,Love it when they give you incentives to reload the card--you're going to make the purchases anyways so why not?
B00IX1I3G6,5,2018,True,0,POSITIVE,POSITIVE,True,joy,anticipation,I'm so glad Amazon makes it so easy to spend your money!,"The  Gift Card Balance Reload is brilliant for both Amazon and customers.  Since you can reload any amount, you're able to use every non-vendor specific gift card right down to the penny.  The customer gets to use the entire gift card and Amazon gets the sale,...it's a win/win."
B00BXQIJ5S,5,2017,True,1,POSITIVE,POSITIVE,True,joy,anticipation,Very appreciated gift,I think this was a great buy as a gift and for ourselves. Like these deals
B00IX1I3G6,4,2015,True,1,POSITIVE,POSITIVE,True,joy,anticipation,Fast and Easy!,I liked it. Thought everything was easy and fast to get through. It worked for me.
B01K8RMDO0,5,2020,True,0,POSITIVE,POSITIVE,True,joy,,A GREAT GIFT FOR GRANDKIDS!,My grandson LOVED it!!!!
B07DD6YZ7H,5,2019,True,38,POSITIVE,POSITIVE,True,trust,anticipation,Free Box with Gift Card Purchase,"Instead of being in a envelope and/or attached to a thank you, congratulations card; it's a card within premium looking gift box.<br /><br />Box itself is very sturdy, has a premium look and feel to it.<br /><br />The cloth and card holder inside; not so much. Cloth is wrapped around a plastic card holder that's glued to the box.<br /><br />Cloth is very thin, but functional for what's it's intended for. If you swap in-and-out cards multiple times, the cloth may rip; but for initial first impression it won't.<br /><br />Box has a slide out design to it. Has a stop gap so doesn't slide all the way out unless you intentionally use more force than you have to.<br /><br />Very nice finger ribbon to pull out the contents like a drawer<br /><br />Back of the box has a  space for name of person of sender and receiver.<br /><br />Includes UPC and Serial No. number and bar code if you find an error with the order.<br /><br />Gift card design is very basic; just red with amazon logos on it. Redeeming card is easy. There's a peel off sticker (instead of scratcher), so no need to worry about scratching off the text of the code. If you use the amazon app you can redeem the amount in seconds: click the camera option and align the boxes with the text code.<br /><br />Doesn't show the amount on the card seeing it's customizable on the website. But it does give a pack in slip of paper to verify amount.<br /><br />Aside from plastic card holder and cloth fabric  being low quality; it still gives off a premium first impression"
B00IX1I3G6,5,2016,True,0,POSITIVE,POSITIVE,True,joy,,Five Stars,easy
B00IX1I3G6,5,2019,True,0,POSITIVE,POSITIVE,True,joy,,Nice experience,It was easy and you get your eMoney in less than 5 minutes
B086KKT3RX,5,2022,True,0,POSITIVE,POSITIVE,True,joy,,Get 12% more!!!,Great
B076CXY1MN,5,2019,True,0,POSITIVE,POSITIVE,True,joy,anticipation,GREAT!!!!,Got these for my parents for Christmas they were so happy
B00NVUDIZ0,5,2016,True,0,POSITIVE,POSITIVE,True,joy,anticipation,Five Stars,Great for gift-giving!
B00G3LBDDS,5,2017,True,4,POSITIVE,POSITIVE,True,joy,anticipation,Physical card arrived in the mail with a valid code ...,Physical card arrived in the mail with a valid code for three months. This is slightly cheaper than having the monthly recurring payment plan
B00IX1I3G6,5,2015,True,0,POSITIVE,POSITIVE,True,joy,,Five Stars,Thumbs up
B086KKT3RX,5,2022,True,0,POSITIVE,POSITIVE,True,trust,anticipation,Thanks,All is good
BT00CTOUNS,5,2010,False,0,POSITIVE,POSITIVE,True,joy,anticipation,Gift Card,I was so happy when I got this gift card as I had just recieved my new Kindle.  Haven't had a chance<br />to use it yet but right after the craziness of Christmas dies down I will be shopping for sure.  This is a very thoughtful gift for someone who owns a Kindle!
B07FMJVVKW,5,2021,True,0,POSITIVE,POSITIVE,True,joy,anticipation,Great for gift giving!,"These make nice gifts for my grandsons and my son-in-laws. I can no longer get out to shop, and they shop often on Amazon.  I get very fast delivery."
B07676649S,5,2022,True,5,POSITIVE,POSITIVE,True,joy,fear,Super Easy (Wish It Was Digital),"I know there ARE digital codes but I couldn't find a good one so I just bought this physical version.<br /><br />1- Easy peasy.  MAKE SURE YOU CAPITLIZE YOUR CODE ON SPOTIFY!  If you use lowercase letters and then leave a bad review, Santa is gonna be pissed.<br /><br />2- The person/company who sent this to me needs to chillax on the packaging lmao.  I got this GIANT envelope thingy that was padded and the card is much smaller than the envelope lol.<br /><br />3- The code worked.  Excuse me while I go listen to some terrorcore without Jake from STATE FARM screaming in my EAR every 20 minutes"
B01K8RJDEI,5,2021,True,0,POSITIVE,POSITIVE,True,joy,anticipation,Easy to use,I purchased several gift cards for friends. They are extremely easy to use. You can choose what you want to purchase for yourself.  They are very giftable.
B01K8RJDEI,5,2020,True,0,POSITIVE,POSITIVE,True,joy,,Great,Great and no extra charge for the tin or card
B00CXZPG0O,5,2017,True,0,POSITIVE,POSITIVE,True,joy,anticipation,A perfect gift,"Got as a gift, worked perfectly!  Would purchase another gift card from amazon again."
B00JDQKELW,5,2015,True,15,POSITIVE,POSITIVE,True,joy,anticipation,It become even better!,"Gift card is a gift card, and Amazon made the box more usable. The window in the back is still there, but now it comes glazed with a piece of plastic, so you can actually keep things inside. Apparently they read reviews at Amazon."
B016J1LFX4,5,2016,True,0,POSITIVE,POSITIVE,True,joy,joy,Five Stars,Who doesn't love an Amazon gift card!
